filename,width,height,size_bucket
water_body_1258.jpg,206,319,2
water_body_2501.jpg,135,178,0
water_body_116.jpg,168,167,1
water_body_8550.jpg,80,88,0
water_body_833.jpg,273,440,2
water_body_7642.jpg,151,154,1
water_body_650.jpg,1139,1202,4
water_body_1434.jpg,464,736,3
water_body_8055.jpg,343,368,3
water_body_1833.jpg,262,376,2
water_body_1116.jpg,407,884,3
water_body_8684.jpg,253,313,2
water_body_1505.jpg,147,247,1
water_body_7964.jpg,58,63,0
water_body_8253.jpg,270,277,2
water_body_8504.jpg,138,149,1
water_body_8561.jpg,2290,1680,4
water_body_8120.jpg,120,121,0
water_body_1571.jpg,2854,4160,4
water_body_8951.jpg,585,765,4
water_body_8554.jpg,108,119,0
water_body_1622.jpg,187,299,1
water_body_2521.jpg,600,813,4
water_body_1849.jpg,204,296,1
water_body_1290.jpg,244,365,2
water_body_7422.jpg,2888,842,4
water_body_2489.jpg,224,298,2
water_body_7177.jpg,4662,5189,4
water_body_688.jpg,173,284,1
water_body_7190.jpg,831,885,4
water_body_1764.jpg,493,711,3
water_body_1256.jpg,136,221,0
water_body_6378.jpg,868,1063,4
water_body_8444.jpg,213,227,2
water_body_7502.jpg,106,108,0
water_body_85.jpg,175,174,1
water_body_8019.jpg,136,149,0
water_body_916.jpg,398,652,3
water_body_7707.jpg,311,325,3
water_body_1565.jpg,1587,2387,4
water_body_8334.jpg,1228,1295,4
water_body_8409.jpg,239,254,2
water_body_1216.jpg,519,827,3
water_body_7610.jpg,222,645,2
water_body_686.jpg,250,412,2
water_body_1014.jpg,185,315,1
water_body_7344.jpg,499,519,3
water_body_8152.jpg,148,163,1
water_body_8090.jpg,119,129,0
water_body_1394.jpg,110,167,0
water_body_7241.jpg,1257,1337,4
water_body_881.jpg,607,976,4
water_body_701.jpg,309,468,3
water_body_719.jpg,657,1054,4
water_body_7224.jpg,607,631,4
water_body_1047.jpg,133,224,0
water_body_1281.jpg,184,293,1
water_body_8218.jpg,163,166,1
water_body_2472.jpg,292,366,2
water_body_7.jpg,260,261,2
water_body_7365.jpg,1721,1748,4
water_body_8800.jpg,2160,2702,4
water_body_7435.jpg,739,797,4
water_body_1406.jpg,241,380,2
water_body_7910.jpg,179,189,1
water_body_7271.jpg,477,483,3
water_body_2363.jpg,2645,1765,4
water_body_651.jpg,1083,1561,4
water_body_1279.jpg,155,247,1
water_body_1008.jpg,139,242,1
water_body_8336.jpg,223,227,2
water_body_707.jpg,649,1042,4
water_body_7352.jpg,784,826,4
water_body_7821.jpg,60,62,0
water_body_1355.jpg,595,925,4
water_body_2242.jpg,384,509,3
water_body_7888.jpg,317,325,3
water_body_7250.jpg,312,337,3
water_body_1484.jpg,380,588,3
water_body_7753.jpg,185,203,1
water_body_8394.jpg,92,97,0
water_body_7262.jpg,313,686,3
water_body_7595.jpg,161,167,1
water_body_8893.jpg,169,210,1
water_body_873.jpg,136,223,0
water_body_1792.jpg,74,110,0
water_body_8850.jpg,153,194,1
water_body_898.jpg,491,791,3
water_body_818.jpg,143,218,1
water_body_8868.jpg,128,162,0
water_body_7779.jpg,72,79,0
water_body_1469.jpg,157,270,1
water_body_2372.jpg,268,350,2
water_body_8618.jpg,313,387,3
water_body_1760.jpg,480,703,3
water_body_8677.jpg,110,131,0
water_body_8041.jpg,178,192,1
water_body_8391.jpg,301,314,2
water_body_7636.jpg,788,866,4
water_body_1421.jpg,395,595,3
water_body_1579.jpg,136,202,0
water_body_1249.jpg,259,377,2
water_body_811.jpg,205,334,1
water_body_7632.jpg,266,287,2
water_body_735.jpg,165,236,1
water_body_94.jpg,84,84,0
water_body_1369.jpg,461,628,3
water_body_8950.jpg,140,182,1
water_body_7738.jpg,230,251,2
water_body_1572.jpg,1692,2509,4
water_body_1811.jpg,171,249,1
water_body_8211.jpg,107,109,0
water_body_1649.jpg,99,117,0
water_body_8940.jpg,169,225,1
water_body_2264.jpg,502,791,3
water_body_8896.jpg,108,133,0
water_body_1774.jpg,73,106,0
water_body_7213.jpg,532,487,3
water_body_7866.jpg,139,142,1
water_body_7518.jpg,215,219,2
water_body_1223.jpg,240,391,2
water_body_7347.jpg,724,795,4
water_body_7419.jpg,1641,438,3
water_body_7184.jpg,1364,1432,4
water_body_7432.jpg,1251,1313,4
water_body_1700.jpg,308,447,2
water_body_7958.jpg,59,64,0
water_body_1243.jpg,297,452,2
water_body_717.jpg,595,557,4
water_body_8938.jpg,113,148,0
water_body_7907.jpg,285,306,2
water_body_1176.jpg,256,425,2
water_body_8271.jpg,186,189,1
water_body_8254.jpg,272,279,2
water_body_7886.jpg,720,763,4
water_body_2195.jpg,130,182,0
water_body_8281.jpg,115,127,0
water_body_8864.jpg,113,300,0
water_body_8697.jpg,386,477,3
water_body_7131.jpg,1424,1431,4
water_body_8725.jpg,2541,2919,4
water_body_1652.jpg,274,402,2
water_body_7729.jpg,325,350,3
water_body_7147.jpg,1164,1248,4
water_body_7415.jpg,461,229,2
water_body_1697.jpg,363,516,3
water_body_918.jpg,190,309,1
water_body_1197.jpg,235,350,2
water_body_1471.jpg,461,744,3
water_body_999.jpg,118,179,0
water_body_2470.jpg,127,164,0
water_body_1503.jpg,201,331,1
water_body_1250.jpg,178,284,1
water_body_7392.jpg,512,519,3
water_body_1083.jpg,160,260,1
water_body_8628.jpg,512,655,3
water_body_1703.jpg,117,170,0
water_body_8808.jpg,880,1165,4
water_body_7583.jpg,188,206,1
water_body_7817.jpg,196,206,1
water_body_2277.jpg,179,233,1
water_body_2396.jpg,120,155,0
water_body_654.jpg,460,679,3
water_body_1418.jpg,197,273,1
water_body_987.jpg,161,252,1
water_body_7843.jpg,169,176,1
water_body_2298.jpg,594,768,4
water_body_2566.jpg,61,78,0
water_body_1496.jpg,283,466,2
water_body_7782.jpg,239,243,2
water_body_8826.jpg,112,139,0
water_body_826.jpg,264,420,2
water_body_658.jpg,296,490,2
water_body_1.jpg,2007,2009,4
water_body_1072.jpg,165,257,1
water_body_8553.jpg,206,228,2
water_body_1668.jpg,138,50,0
water_body_1518.jpg,361,576,3
water_body_6377.jpg,1294,1529,4
water_body_7733.jpg,248,269,2
water_body_7258.jpg,427,445,3
water_body_8700.jpg,695,852,4
water_body_887.jpg,91,156,0
water_body_956.jpg,124,202,0
water_body_1502.jpg,306,507,2
water_body_6371.jpg,376,420,3
water_body_1192.jpg,320,501,3
water_body_8621.jpg,347,445,3
water_body_104.jpg,324,322,3
water_body_8564.jpg,3272,3876,4
water_body_8941.jpg,249,328,2
water_body_1598.jpg,604,483,3
water_body_64.jpg,160,160,1
water_body_1099.jpg,296,469,2
water_body_8948.jpg,229,635,2
water_body_1750.jpg,537,781,4
water_body_7796.jpg,184,205,1
water_body_8437.jpg,69,74,0
water_body_8549.jpg,324,355,3
water_body_7240.jpg,441,469,3
water_body_2431.jpg,940,1181,4
water_body_2291.jpg,436,564,3
water_body_8888.jpg,105,126,0
water_body_8522.jpg,145,156,1
water_body_7364.jpg,289,307,2
water_body_839.jpg,74,115,0
water_body_7925.jpg,71,75,0
water_body_1246.jpg,77,112,0
water_body_8717.jpg,255,329,2
water_body_7885.jpg,111,96,0
water_body_1614.jpg,132,201,0
water_body_7178.jpg,349,382,3
water_body_8325.jpg,123,135,0
water_body_7938.jpg,82,89,0
water_body_8587.jpg,195,216,1
water_body_8338.jpg,165,167,1
water_body_1235.jpg,116,183,0
water_body_8949.jpg,150,194,1
water_body_1289.jpg,126,199,0
water_body_1253.jpg,279,440,2
water_body_626.jpg,1260,2140,4
water_body_1498.jpg,178,292,1
water_body_1746.jpg,186,272,1
water_body_51.jpg,1027,1049,4
water_body_1455.jpg,185,292,1
water_body_1693.jpg,236,352,2
water_body_661.jpg,124,177,0
water_body_7995.jpg,953,1059,4
water_body_860.jpg,169,274,1
water_body_8520.jpg,107,114,0
water_body_8663.jpg,692,870,4
water_body_7243.jpg,917,978,4
water_body_1158.jpg,147,250,1
water_body_7411.jpg,308,329,2
water_body_7169.jpg,383,393,3
water_body_7242.jpg,174,184,1
water_body_7549.jpg,171,178,1
water_body_2435.jpg,334,432,3
water_body_1834.jpg,142,202,1
water_body_7941.jpg,194,208,1
water_body_8861.jpg,204,255,1
water_body_8053.jpg,369,395,3
water_body_1509.jpg,253,413,2
water_body_8494.jpg,60,66,0
water_body_8372.jpg,238,264,2
water_body_7374.jpg,1872,1914,4
water_body_1477.jpg,415,703,3
water_body_120.jpg,707,703,4
water_body_2204.jpg,598,834,4
water_body_8331.jpg,110,114,0
water_body_1500.jpg,126,207,0
water_body_7929.jpg,97,102,0
water_body_42.jpg,57,57,0
water_body_1478.jpg,341,527,3
water_body_1390.jpg,141,232,1
water_body_1041.jpg,189,266,1
water_body_1395.jpg,119,194,0
water_body_1631.jpg,113,167,0
water_body_164.jpg,80,80,0
water_body_7313.jpg,435,470,3
water_body_1419.jpg,243,330,2
water_body_7838.jpg,74,77,0
water_body_8772.jpg,179,222,1
water_body_1423.jpg,235,364,2
water_body_54.jpg,855,850,4
water_body_7368.jpg,1087,1147,4
water_body_8042.jpg,163,176,1
water_body_1754.jpg,243,353,2
water_body_7132.jpg,1373,1383,4
water_body_1046.jpg,888,1510,4
water_body_8537.jpg,116,122,0
water_body_8206.jpg,107,110,0
water_body_680.jpg,429,658,3
water_body_8289.jpg,254,258,2
water_body_2540.jpg,378,489,3
water_body_8095.jpg,266,291,2
water_body_7544.jpg,392,428,3
water_body_751.jpg,209,324,2
water_body_7420.jpg,502,544,3
water_body_7664.jpg,183,202,1
water_body_1465.jpg,183,273,1
water_body_6387.jpg,2787,3208,4
water_body_7768.jpg,935,996,4
water_body_957.jpg,144,60,0
water_body_1732.jpg,61,87,0
water_body_6390.jpg,951,1155,4
water_body_7086.jpg,170,311,1
water_body_8858.jpg,95,119,0
water_body_8321.jpg,248,260,2
water_body_8686.jpg,426,531,3
water_body_1497.jpg,88,146,0
water_body_1155.jpg,306,487,2
water_body_7968.jpg,112,122,0
water_body_1787.jpg,115,164,0
water_body_7721.jpg,151,157,1
water_body_7824.jpg,204,214,1
water_body_1363.jpg,236,368,2
water_body_7049.jpg,655,1242,4
water_body_1230.jpg,182,290,1
water_body_1758.jpg,149,221,1
water_body_6414.jpg,997,1214,4
water_body_1312.jpg,128,193,0
water_body_1684.jpg,126,189,0
water_body_823.jpg,848,1366,4
water_body_1442.jpg,266,424,2
water_body_163.jpg,131,130,0
water_body_672.jpg,765,1217,4
water_body_99.jpg,667,663,4
water_body_7211.jpg,516,539,3
water_body_682.jpg,270,406,2
water_body_2385.jpg,146,180,1
water_body_2219.jpg,355,479,3
water_body_1628.jpg,136,202,0
water_body_1601.jpg,159,237,1
water_body_2346.jpg,504,1157,3
water_body_7097.jpg,137,249,1
water_body_7977.jpg,79,85,0
water_body_8556.jpg,330,364,3
water_body_7755.jpg,342,377,3
water_body_8384.jpg,143,149,1
water_body_7970.jpg,64,71,0
water_body_1847.jpg,185,293,1
water_body_1071.jpg,136,215,0
water_body_711.jpg,277,434,2
water_body_1133.jpg,220,338,2
water_body_7920.jpg,152,165,1
water_body_8775.jpg,701,879,4
water_body_8670.jpg,206,260,2
water_body_1824.jpg,252,390,2
water_body_7535.jpg,219,234,2
water_body_7547.jpg,272,283,2
water_body_7222.jpg,702,733,4
water_body_7831.jpg,500,526,3
water_body_7254.jpg,379,393,3
water_body_1511.jpg,342,505,3
water_body_7032.jpg,202,371,1
water_body_1742.jpg,54,82,0
water_body_7144.jpg,683,718,4
water_body_233.jpg,203,238,1
water_body_7944.jpg,336,360,3
water_body_2427.jpg,425,520,3
water_body_1623.jpg,229,330,2
water_body_785.jpg,176,300,1
water_body_8186.jpg,243,261,2
water_body_7947.jpg,114,122,0
water_body_7333.jpg,1290,1401,4
water_body_8539.jpg,208,226,2
water_body_753.jpg,202,308,1
water_body_2197.jpg,129,179,0
water_body_710.jpg,92,261,0
water_body_7341.jpg,3552,1083,4
water_body_7998.jpg,250,286,2
water_body_2530.jpg,527,700,4
water_body_2231.jpg,278,412,2
water_body_804.jpg,301,471,2
water_body_824.jpg,236,364,2
water_body_7259.jpg,176,184,1
water_body_619.jpg,2377,3851,4
water_body_7611.jpg,559,619,4
water_body_8638.jpg,382,479,3
water_body_7135.jpg,510,1444,3
water_body_121.jpg,152,152,1
water_body_8141.jpg,180,187,1
water_body_20.jpg,1539,1529,4
water_body_8177.jpg,315,335,3
water_body_8038.jpg,91,95,0
water_body_1438.jpg,195,310,1
water_body_1694.jpg,381,561,3
water_body_1609.jpg,121,181,0
water_body_1241.jpg,142,55,0
water_body_1815.jpg,82,121,0
water_body_8209.jpg,84,85,0
water_body_6413.jpg,479,568,3
water_body_8860.jpg,231,288,2
water_body_1640.jpg,130,191,0
water_body_105.jpg,97,96,0
water_body_1338.jpg,201,347,1
water_body_8087.jpg,2253,211,2
water_body_1831.jpg,68,98,0
water_body_848.jpg,260,363,2
water_body_7076.jpg,546,985,4
water_body_2556.jpg,153,192,1
water_body_7170.jpg,417,427,3
water_body_2306.jpg,302,368,2
water_body_7666.jpg,112,116,0
water_body_1671.jpg,123,180,0
water_body_769.jpg,143,221,1
water_body_1816.jpg,449,657,3
water_body_714.jpg,206,313,2
water_body_1435.jpg,173,275,1
water_body_1238.jpg,201,320,1
water_body_7285.jpg,1453,1605,4
water_body_1056.jpg,323,168,1
water_body_7248.jpg,436,470,3
water_body_7600.jpg,421,467,3
water_body_708.jpg,567,907,4
water_body_2183.jpg,1085,1374,4
water_body_2439.jpg,75,94,0
water_body_7523.jpg,606,666,4
water_body_7378.jpg,379,403,3
water_body_8566.jpg,580,688,4
water_body_8059.jpg,93,102,0
water_body_8792.jpg,725,876,4
water_body_7246.jpg,479,511,3
water_body_8214.jpg,221,226,2
water_body_7307.jpg,315,339,3
water_body_8515.jpg,141,151,1
water_body_16.jpg,1756,725,4
water_body_1024.jpg,68,91,0
water_body_1675.jpg,387,563,3
water_body_2205.jpg,391,592,3
water_body_2432.jpg,209,273,2
water_body_7280.jpg,257,281,2
water_body_646.jpg,1611,1087,4
water_body_8479.jpg,233,254,2
water_body_1626.jpg,106,155,0
water_body_7766.jpg,425,452,3
water_body_1399.jpg,491,767,3
water_body_1064.jpg,292,445,2
water_body_8911.jpg,52,64,0
water_body_705.jpg,105,142,0
water_body_7373.jpg,1120,1528,4
water_body_8161.jpg,89,91,0
water_body_2545.jpg,211,264,2
water_body_2282.jpg,475,613,3
water_body_1452.jpg,178,284,1
water_body_7051.jpg,135,248,0
water_body_1809.jpg,162,235,1
water_body_8025.jpg,485,515,3
water_body_1068.jpg,310,475,3
water_body_7151.jpg,279,282,2
water_body_1513.jpg,125,191,0
water_body_2373.jpg,241,311,2
water_body_1432.jpg,374,598,3
water_body_7426.jpg,238,255,2
water_body_8742.jpg,434,516,3
water_body_667.jpg,1482,2181,4
water_body_2.jpg,908,911,4
water_body_759.jpg,410,578,3
water_body_8446.jpg,138,148,1
water_body_7029.jpg,325,617,3
water_body_637.jpg,1918,2099,4
water_body_7702.jpg,587,622,4
water_body_1126.jpg,268,399,2
water_body_7673.jpg,124,149,0
water_body_1829.jpg,52,322,0
water_body_8229.jpg,128,133,0
water_body_8235.jpg,96,98,0
water_body_2254.jpg,696,888,4
water_body_7916.jpg,217,234,2
water_body_7715.jpg,416,437,3
water_body_1408.jpg,184,280,1
water_body_7354.jpg,534,569,4
water_body_1591.jpg,365,529,3
water_body_2407.jpg,81,100,0
water_body_1343.jpg,83,112,0
water_body_1262.jpg,595,844,4
water_body_1361.jpg,174,273,1
water_body_2558.jpg,63,79,0
water_body_1274.jpg,265,415,2
water_body_7524.jpg,156,159,1
water_body_7186.jpg,721,794,4
water_body_7587.jpg,312,327,3
water_body_638.jpg,947,1543,4
water_body_8448.jpg,392,418,3
water_body_973.jpg,73,119,0
water_body_8516.jpg,269,288,2
water_body_2542.jpg,332,418,3
water_body_7188.jpg,1640,2095,4
water_body_23.jpg,1901,931,4
water_body_7153.jpg,2405,2516,4
water_body_849.jpg,330,461,3
water_body_8251.jpg,151,165,1
water_body_2568.jpg,224,284,2
water_body_1448.jpg,564,896,4
water_body_7412.jpg,1802,1921,4
water_body_160.jpg,870,864,4
water_body_1577.jpg,478,710,3
water_body_8676.jpg,316,375,3
water_body_8020.jpg,60,67,0
water_body_55.jpg,674,672,4
water_body_2519.jpg,811,1011,4
water_body_7722.jpg,41,362,0
water_body_1674.jpg,306,447,2
water_body_7068.jpg,137,263,1
water_body_8508.jpg,131,142,0
water_body_7326.jpg,300,133,0
water_body_647.jpg,2054,1576,4
water_body_1594.jpg,471,764,3
water_body_1762.jpg,111,165,0
water_body_8875.jpg,90,113,0
water_body_7400.jpg,2505,2619,4
water_body_2286.jpg,146,192,1
water_body_842.jpg,308,523,2
water_body_8466.jpg,141,153,1
water_body_114.jpg,212,210,2
water_body_7256.jpg,762,792,4
water_body_7346.jpg,429,459,3
water_body_8009.jpg,87,88,0
water_body_6386.jpg,2597,1880,4
water_body_6370.jpg,1132,1396,4
water_body_1004.jpg,326,500,3
water_body_7232.jpg,1274,159,1
water_body_1239.jpg,109,174,0
water_body_7890.jpg,129,131,0
water_body_8399.jpg,346,367,3
water_body_2250.jpg,1001,1287,4
water_body_7349.jpg,607,643,4
water_body_694.jpg,383,513,3
water_body_7369.jpg,308,319,2
water_body_8565.jpg,886,479,3
water_body_8756.jpg,1134,1382,4
water_body_7619.jpg,125,136,0
water_body_1839.jpg,2073,2987,4
water_body_1756.jpg,86,128,0
water_body_8198.jpg,133,138,0
water_body_1006.jpg,121,212,0
water_body_8.jpg,614,328,3
water_body_8592.jpg,476,519,3
water_body_7072.jpg,220,406,2
water_body_1788.jpg,261,320,2
water_body_2248.jpg,1022,1330,4
water_body_2537.jpg,1383,1731,4
water_body_7615.jpg,337,372,3
water_body_1582.jpg,720,1072,4
water_body_7884.jpg,95,100,0
water_body_1233.jpg,137,214,1
water_body_7706.jpg,177,184,1
water_body_1669.jpg,278,412,2
water_body_1650.jpg,104,153,0
water_body_2450.jpg,271,337,2
water_body_1190.jpg,101,135,0
water_body_7238.jpg,1590,1677,4
water_body_8744.jpg,413,516,3
water_body_1313.jpg,105,160,0
water_body_8469.jpg,102,112,0
water_body_777.jpg,200,306,1
water_body_1522.jpg,117,190,0
water_body_7979.jpg,201,219,1
water_body_7305.jpg,552,604,4
water_body_1526.jpg,347,570,3
water_body_953.jpg,826,1212,4
water_body_1010.jpg,280,487,2
water_body_2234.jpg,97,136,0
water_body_8460.jpg,266,136,0
water_body_2351.jpg,171,214,1
water_body_18.jpg,873,867,4
water_body_8285.jpg,122,124,0
water_body_8513.jpg,334,360,3
water_body_7597.jpg,157,160,1
water_body_7272.jpg,636,631,4
water_body_7826.jpg,175,183,1
water_body_7282.jpg,1012,1107,4
water_body_8799.jpg,390,2179,3
water_body_8960.jpg,173,221,1
water_body_2536.jpg,419,526,3
water_body_1255.jpg,497,809,3
water_body_7050.jpg,120,223,0
water_body_7781.jpg,106,116,0
water_body_8922.jpg,94,117,0
water_body_1512.jpg,169,248,1
water_body_1635.jpg,161,233,1
water_body_7370.jpg,1211,713,4
water_body_7834.jpg,123,127,0
water_body_1251.jpg,837,336,3
water_body_1634.jpg,475,667,3
water_body_8746.jpg,452,37,0
water_body_8544.jpg,68,74,0
water_body_1219.jpg,461,483,3
water_body_986.jpg,238,377,2
water_body_1130.jpg,1166,1757,4
water_body_7975.jpg,113,125,0
water_body_8240.jpg,73,74,0
water_body_8402.jpg,275,292,2
water_body_1658.jpg,108,160,0
water_body_2213.jpg,208,306,2
water_body_8818.jpg,168,210,1
water_body_1054.jpg,208,318,2
water_body_8794.jpg,863,1129,4
water_body_739.jpg,345,558,3
water_body_7424.jpg,527,1207,4
water_body_838.jpg,113,176,0
water_body_8630.jpg,244,306,2
water_body_1383.jpg,327,477,3
water_body_922.jpg,150,235,1
water_body_27.jpg,1621,1615,4
water_body_1740.jpg,354,527,3
water_body_8769.jpg,260,310,2
water_body_772.jpg,242,368,2
water_body_1365.jpg,487,759,3
water_body_8073.jpg,104,106,0
water_body_8021.jpg,106,112,0
water_body_1021.jpg,152,232,1
water_body_7047.jpg,216,410,2
water_body_2334.jpg,3656,4718,4
water_body_1000.jpg,366,548,3
water_body_7263.jpg,284,299,2
water_body_792.jpg,102,163,0
water_body_1738.jpg,233,336,2
water_body_1722.jpg,180,272,1
water_body_7275.jpg,625,689,4
water_body_8011.jpg,269,286,2
water_body_7046.jpg,215,401,2
water_body_1417.jpg,344,466,3
water_body_8835.jpg,208,260,2
water_body_1093.jpg,100,172,0
water_body_2516.jpg,931,1182,4
water_body_8039.jpg,318,200,1
water_body_8724.jpg,243,313,2
water_body_7090.jpg,118,219,0
water_body_2550.jpg,664,867,4
water_body_7931.jpg,78,82,0
water_body_8381.jpg,200,209,1
water_body_907.jpg,229,379,2
water_body_174.jpg,138,138,1
water_body_7917.jpg,83,89,0
water_body_816.jpg,170,281,1
water_body_1132.jpg,960,1441,4
water_body_7570.jpg,138,143,1
water_body_2474.jpg,380,488,3
water_body_8817.jpg,231,291,2
water_body_822.jpg,475,722,3
water_body_997.jpg,852,1404,4
water_body_998.jpg,317,524,3
water_body_8210.jpg,269,274,2
water_body_7516.jpg,286,289,2
water_body_1627.jpg,273,282,2
water_body_2544.jpg,441,557,3
water_body_8138.jpg,228,232,2
water_body_7342.jpg,188,197,1
water_body_7175.jpg,423,458,3
water_body_786.jpg,274,423,2
water_body_8156.jpg,297,322,2
water_body_7423.jpg,67,72,0
water_body_8208.jpg,273,279,2
water_body_606.jpg,228,324,2
water_body_756.jpg,1313,1000,4
water_body_8178.jpg,73,75,0
water_body_712.jpg,249,384,2
water_body_1153.jpg,330,563,3
water_body_1832.jpg,367,526,3
water_body_970.jpg,150,245,1
water_body_8795.jpg,3868,507,3
water_body_1813.jpg,209,307,2
water_body_7849.jpg,169,177,1
water_body_1179.jpg,347,570,3
water_body_2502.jpg,497,639,3
water_body_8927.jpg,246,322,2
water_body_2535.jpg,559,701,4
water_body_6421.jpg,1290,1546,4
water_body_8376.jpg,118,124,0
water_body_8400.jpg,200,213,1
water_body_8793.jpg,754,957,4
water_body_2534.jpg,1991,2539,4
water_body_8682.jpg,271,344,2
water_body_1702.jpg,185,268,1
water_body_7750.jpg,278,307,2
water_body_2301.jpg,247,304,2
water_body_8736.jpg,469,605,3
water_body_659.jpg,180,274,1
water_body_2437.jpg,213,283,2
water_body_2185.jpg,340,468,3
water_body_7681.jpg,861,942,4
water_body_1646.jpg,181,265,1
water_body_827.jpg,295,484,2
water_body_7758.jpg,238,264,2
water_body_7286.jpg,683,747,4
water_body_1753.jpg,410,587,3
water_body_8635.jpg,1716,2267,4
water_body_7724.jpg,236,254,2
water_body_7647.jpg,177,183,1
water_body_7728.jpg,213,228,2
water_body_1293.jpg,229,367,2
water_body_1148.jpg,411,632,3
water_body_8265.jpg,333,339,3
water_body_890.jpg,54,44,0
water_body_7607.jpg,184,187,1
water_body_1218.jpg,492,732,3
water_body_8918.jpg,255,306,2
water_body_1441.jpg,490,780,3
water_body_2471.jpg,2460,1139,4
water_body_8892.jpg,72,89,0
water_body_8648.jpg,347,440,3
water_body_7686.jpg,92,133,0
water_body_2174.jpg,1420,94,0
water_body_1210.jpg,155,210,1
water_body_669.jpg,1999,3036,4
water_body_7077.jpg,322,599,3
water_body_1711.jpg,189,277,1
water_body_7380.jpg,240,250,2
water_body_7723.jpg,120,128,0
water_body_857.jpg,692,1075,4
water_body_8645.jpg,840,1064,4
water_body_7749.jpg,482,532,3
water_body_8681.jpg,245,304,2
water_body_1665.jpg,161,244,1
water_body_2560.jpg,180,227,1
water_body_7034.jpg,320,444,3
water_body_177.jpg,334,332,3
water_body_1097.jpg,688,1082,4
water_body_7735.jpg,282,307,2
water_body_8239.jpg,195,200,1
water_body_1074.jpg,207,326,2
water_body_1810.jpg,86,125,0
water_body_7060.jpg,75,140,0
water_body_7638.jpg,155,157,1
water_body_7754.jpg,199,220,1
water_body_894.jpg,247,419,2
water_body_2288.jpg,350,449,3
water_body_653.jpg,207,278,2
water_body_1838.jpg,523,761,3
water_body_7446.jpg,977,981,4
water_body_2315.jpg,847,1081,4
water_body_1663.jpg,100,151,0
water_body_7287.jpg,1416,1543,4
water_body_7328.jpg,573,586,4
water_body_2555.jpg,266,333,2
water_body_7846.jpg,128,132,0
water_body_2175.jpg,812,1128,4
water_body_1645.jpg,383,588,3
water_body_938.jpg,169,290,1
water_body_906.jpg,150,246,1
water_body_8523.jpg,177,188,1
water_body_7390.jpg,523,530,3
water_body_1208.jpg,275,430,2
water_body_7659.jpg,601,613,4
water_body_855.jpg,485,775,3
water_body_6405.jpg,493,601,3
water_body_8639.jpg,459,572,3
water_body_1354.jpg,734,1080,4
water_body_7725.jpg,308,329,2
water_body_1449.jpg,478,760,3
water_body_38.jpg,533,535,4
water_body_1337.jpg,242,417,2
water_body_7568.jpg,224,228,2
water_body_1826.jpg,57,80,0
water_body_2207.jpg,695,1028,4
water_body_8307.jpg,338,346,3
water_body_7614.jpg,202,223,1
water_body_1078.jpg,766,1208,4
water_body_1310.jpg,194,296,1
water_body_8485.jpg,145,159,1
water_body_8759.jpg,293,367,2
water_body_768.jpg,512,780,3
water_body_8933.jpg,210,274,2
water_body_7181.jpg,723,791,4
water_body_6403.jpg,1497,1708,4
water_body_7572.jpg,275,286,2
water_body_8859.jpg,87,109,0
water_body_7961.jpg,61,66,0
water_body_723.jpg,232,378,2
water_body_2171.jpg,350,469,3
water_body_6381.jpg,472,570,3
water_body_2464.jpg,199,264,1
water_body_1593.jpg,121,174,0
water_body_8246.jpg,291,323,2
water_body_730.jpg,481,795,3
water_body_1828.jpg,120,172,0
water_body_7381.jpg,2053,2967,4
water_body_1723.jpg,266,419,2
water_body_159.jpg,258,257,2
water_body_733.jpg,404,660,3
water_body_807.jpg,311,509,3
water_body_7827.jpg,149,155,1
water_body_1015.jpg,165,280,1
water_body_944.jpg,126,169,0
water_body_7940.jpg,86,94,0
water_body_95.jpg,175,175,1
water_body_8526.jpg,350,369,3
water_body_8474.jpg,162,177,1
water_body_189.jpg,1632,1451,4
water_body_8796.jpg,111,133,0
water_body_7397.jpg,649,655,4
water_body_166.jpg,282,281,2
water_body_876.jpg,194,319,1
water_body_689.jpg,172,250,1
water_body_7283.jpg,312,341,3
water_body_7915.jpg,146,157,1
water_body_1178.jpg,146,241,1
water_body_8428.jpg,156,168,1
water_body_1184.jpg,222,371,2
water_body_1629.jpg,293,432,2
water_body_7133.jpg,300,330,2
water_body_879.jpg,243,408,2
water_body_57.jpg,459,456,3
water_body_1272.jpg,162,255,1
water_body_1468.jpg,220,329,2
water_body_8713.jpg,708,945,4
water_body_7891.jpg,109,111,0
water_body_7512.jpg,76,85,0
water_body_1467.jpg,259,386,2
water_body_1463.jpg,106,166,0
water_body_7154.jpg,1350,1381,4
water_body_8453.jpg,175,179,1
water_body_8871.jpg,104,132,0
water_body_1334.jpg,184,293,1
water_body_7578.jpg,283,310,2
water_body_8413.jpg,111,119,0
water_body_1028.jpg,322,487,3
water_body_8845.jpg,121,155,0
water_body_2313.jpg,625,1476,4
water_body_2293.jpg,470,627,3
water_body_1392.jpg,325,531,3
water_body_1632.jpg,191,280,1
water_body_852.jpg,709,1128,4
water_body_788.jpg,489,770,3
water_body_8390.jpg,267,279,2
water_body_1560.jpg,1657,1900,4
water_body_2224.jpg,128,240,0
water_body_741.jpg,140,236,1
water_body_8732.jpg,265,336,2
water_body_8777.jpg,287,364,2
water_body_8089.jpg,201,204,1
water_body_7701.jpg,245,267,2
water_body_692.jpg,111,164,0
water_body_1362.jpg,246,386,2
water_body_7807.jpg,163,170,1
water_body_1070.jpg,131,197,0
water_body_182.jpg,90,88,0
water_body_37.jpg,459,460,3
water_body_7235.jpg,964,1066,4
water_body_2201.jpg,166,230,1
water_body_7825.jpg,215,226,2
water_body_625.jpg,536,834,4
water_body_8848.jpg,70,88,0
water_body_1798.jpg,564,833,4
water_body_7310.jpg,1319,1336,4
water_body_1603.jpg,106,158,0
water_body_782.jpg,311,508,3
water_body_1443.jpg,278,445,2
water_body_8319.jpg,264,191,1
water_body_8699.jpg,536,655,4
water_body_8770.jpg,133,164,0
water_body_1745.jpg,128,187,0
water_body_232.jpg,1252,1469,4
water_body_8118.jpg,107,117,0
water_body_7914.jpg,105,113,0
water_body_7294.jpg,242,257,2
water_body_7882.jpg,79,82,0
water_body_8720.jpg,369,484,3
water_body_8052.jpg,326,349,3
water_body_8641.jpg,748,895,4
water_body_917.jpg,356,581,3
water_body_2442.jpg,384,485,3
water_body_7319.jpg,186,167,1
water_body_11.jpg,1299,1303,4
water_body_8456.jpg,1124,964,4
water_body_7808.jpg,186,193,1
water_body_8490.jpg,136,147,0
water_body_8236.jpg,102,103,0
water_body_639.jpg,2616,4296,4
water_body_7936.jpg,155,161,1
water_body_7239.jpg,333,356,3
water_body_7410.jpg,70,305,0
water_body_8901.jpg,685,843,4
water_body_8395.jpg,151,159,1
water_body_8779.jpg,1874,2280,4
water_body_8609.jpg,681,809,4
water_body_1639.jpg,174,265,1
water_body_675.jpg,126,170,0
water_body_2529.jpg,592,523,3
water_body_7485.jpg,268,272,2
water_body_7816.jpg,159,166,1
water_body_7565.jpg,204,211,1
water_body_8117.jpg,101,110,0
water_body_1728.jpg,54,82,0
water_body_1194.jpg,424,690,3
water_body_853.jpg,357,547,3
water_body_8001.jpg,105,113,0
water_body_1396.jpg,199,328,1
water_body_8440.jpg,306,329,2
water_body_949.jpg,237,389,2
water_body_77.jpg,76,76,0
water_body_7767.jpg,148,157,1
water_body_8312.jpg,139,146,1
water_body_1755.jpg,227,322,2
water_body_8851.jpg,228,285,2
water_body_7087.jpg,334,635,3
water_body_1121.jpg,137,231,1
water_body_8844.jpg,298,379,2
water_body_8712.jpg,394,471,3
water_body_1109.jpg,245,398,2
water_body_1751.jpg,274,420,2
water_body_1174.jpg,158,215,1
water_body_29.jpg,2691,2676,4
water_body_8693.jpg,612,756,4
water_body_1175.jpg,134,225,0
water_body_1351.jpg,2217,6123,4
water_body_7207.jpg,324,343,3
water_body_8606.jpg,382,415,3
water_body_1237.jpg,249,393,2
water_body_7848.jpg,85,89,0
water_body_7388.jpg,1579,1984,4
water_body_8547.jpg,179,196,1
water_body_7266.jpg,927,991,4
water_body_183.jpg,97,216,0
water_body_7055.jpg,671,1200,4
water_body_2539.jpg,1003,1329,4
water_body_19.jpg,1881,1869,4
water_body_2237.jpg,409,542,3
water_body_837.jpg,159,258,1
water_body_8810.jpg,175,259,1
water_body_8862.jpg,143,256,1
water_body_7268.jpg,1139,1179,4
water_body_7582.jpg,573,629,4
water_body_8443.jpg,305,326,2
water_body_1079.jpg,207,357,2
water_body_7136.jpg,584,606,4
water_body_1242.jpg,428,664,3
water_body_8204.jpg,448,480,3
water_body_700.jpg,154,235,1
water_body_850.jpg,163,249,1
water_body_8674.jpg,506,632,3
water_body_7257.jpg,1864,1929,4
water_body_1183.jpg,462,769,3
water_body_1461.jpg,151,249,1
water_body_7811.jpg,140,146,1
water_body_1305.jpg,354,575,3
water_body_1401.jpg,198,299,1
water_body_1600.jpg,198,294,1
water_body_7952.jpg,127,132,0
water_body_8721.jpg,219,288,2
water_body_668.jpg,811,253,2
water_body_8470.jpg,346,378,3
water_body_1613.jpg,171,268,1
water_body_1510.jpg,504,734,3
water_body_1752.jpg,217,316,2
water_body_1224.jpg,80,124,0
water_body_1799.jpg,485,716,3
water_body_7593.jpg,627,666,4
water_body_7943.jpg,115,124,0
water_body_921.jpg,254,395,2
water_body_1800.jpg,135,200,0
water_body_8047.jpg,343,345,3
water_body_1806.jpg,426,626,3
water_body_7189.jpg,304,333,2
water_body_1667.jpg,115,172,0
water_body_1206.jpg,330,500,3
water_body_8159.jpg,154,162,1
water_body_190.jpg,942,937,4
water_body_1325.jpg,201,323,1
water_body_1615.jpg,300,479,2
water_body_8572.jpg,372,440,3
water_body_7540.jpg,334,370,3
water_body_8558.jpg,118,131,0
water_body_7714.jpg,233,245,2
water_body_1748.jpg,320,462,3
water_body_8678.jpg,656,815,4
water_body_7231.jpg,472,510,3
water_body_7695.jpg,148,154,1
water_body_7099.jpg,103,193,0
water_body_7677.jpg,170,175,1
water_body_1282.jpg,215,334,2
water_body_7247.jpg,197,210,1
water_body_781.jpg,499,760,3
water_body_70.jpg,644,640,4
water_body_7255.jpg,698,724,4
water_body_725.jpg,255,389,2
water_body_2194.jpg,121,169,0
water_body_909.jpg,208,348,2
water_body_8202.jpg,343,364,3
water_body_734.jpg,166,272,1
water_body_7569.jpg,252,262,2
water_body_989.jpg,257,408,2
water_body_1691.jpg,311,460,3
water_body_6396.jpg,110,135,0
water_body_1617.jpg,94,149,0
water_body_1108.jpg,279,454,2
water_body_8923.jpg,73,91,0
water_body_1119.jpg,538,779,4
water_body_1620.jpg,196,310,1
water_body_8802.jpg,1539,885,4
water_body_971.jpg,318,521,3
water_body_1761.jpg,191,285,1
water_body_8921.jpg,79,98,0
water_body_7091.jpg,123,239,0
water_body_7937.jpg,174,185,1
water_body_8371.jpg,741,743,4
water_body_1128.jpg,318,477,3
water_body_8398.jpg,347,367,3
water_body_122.jpg,256,254,2
water_body_7036.jpg,113,208,0
water_body_2546.jpg,152,189,1
water_body_106.jpg,338,338,3
water_body_7323.jpg,167,53,0
water_body_1784.jpg,212,304,2
water_body_8855.jpg,85,107,0
water_body_8912.jpg,160,196,1
water_body_7875.jpg,516,547,3
water_body_1319.jpg,250,412,2
water_body_1736.jpg,166,240,1
water_body_1029.jpg,772,1224,4
water_body_7158.jpg,517,522,3
water_body_8429.jpg,248,266,2
water_body_7978.jpg,72,78,0
water_body_2395.jpg,258,336,2
water_body_8501.jpg,196,212,1
water_body_7150.jpg,1182,1194,4
water_body_8012.jpg,168,177,1
water_body_886.jpg,180,309,1
water_body_1797.jpg,83,123,0
water_body_170.jpg,965,958,4
water_body_1263.jpg,284,403,2
water_body_7428.jpg,567,602,4
water_body_2319.jpg,255,322,2
water_body_2557.jpg,109,142,0
water_body_8507.jpg,239,258,2
water_body_2253.jpg,190,245,1
water_body_1685.jpg,99,150,0
water_body_8495.jpg,77,83,0
water_body_8702.jpg,577,717,4
water_body_2505.jpg,708,1293,4
water_body_7555.jpg,116,121,0
water_body_1033.jpg,118,177,0
water_body_8406.jpg,106,112,0
water_body_8661.jpg,170,219,1
water_body_8665.jpg,431,543,3
water_body_793.jpg,124,199,0
water_body_1612.jpg,306,478,2
water_body_2211.jpg,248,363,2
water_body_2223.jpg,203,287,1
water_body_1171.jpg,174,288,1
water_body_8489.jpg,137,148,1
water_body_2178.jpg,685,3560,4
water_body_1077.jpg,327,516,3
water_body_7508.jpg,357,359,3
water_body_1804.jpg,131,193,0
water_body_797.jpg,346,556,3
water_body_6374.jpg,126,151,0
water_body_1845.jpg,406,610,3
water_body_8189.jpg,345,347,3
water_body_631.jpg,1742,1918,4
water_body_7296.jpg,654,742,4
water_body_8747.jpg,283,350,2
water_body_1520.jpg,197,318,1
water_body_7166.jpg,388,402,3
water_body_1812.jpg,1719,2499,4
water_body_1771.jpg,97,140,0
water_body_1400.jpg,493,696,3
water_body_7348.jpg,2849,3022,4
water_body_2330.jpg,194,256,1
water_body_8369.jpg,55,331,0
water_body_1765.jpg,315,656,3
water_body_8719.jpg,334,438,3
water_body_8897.jpg,66,81,0
water_body_8728.jpg,324,412,3
water_body_994.jpg,166,270,1
water_body_1585.jpg,383,583,3
water_body_7413.jpg,3062,3352,4
water_body_7557.jpg,217,225,2
water_body_8397.jpg,92,98,0
water_body_8731.jpg,491,630,3
water_body_1718.jpg,54,78,0
water_body_1122.jpg,191,314,1
water_body_1460.jpg,923,1399,4
water_body_7430.jpg,427,453,3
water_body_7693.jpg,322,336,3
water_body_7436.jpg,354,383,3
water_body_615.jpg,957,1517,4
water_body_7651.jpg,179,181,1
water_body_7289.jpg,693,742,4
water_body_8701.jpg,383,460,3
water_body_7480.jpg,200,221,1
water_body_8037.jpg,113,117,0
water_body_7401.jpg,368,381,3
water_body_1581.jpg,811,1158,4
water_body_1825.jpg,379,544,3
water_body_7386.jpg,485,521,3
water_body_8754.jpg,2147,2710,4
water_body_1018.jpg,390,620,3
water_body_932.jpg,184,281,1
water_body_676.jpg,316,622,3
water_body_2393.jpg,95,124,0
water_body_774.jpg,742,1180,4
water_body_8467.jpg,84,91,0
water_body_1168.jpg,143,243,1
water_body_8217.jpg,307,311,2
water_body_764.jpg,825,1194,4
water_body_7409.jpg,987,1039,4
water_body_6.jpg,1541,1534,4
water_body_7140.jpg,334,339,3
water_body_1106.jpg,630,1025,4
water_body_1284.jpg,115,184,0
water_body_8396.jpg,237,250,2
water_body_2388.jpg,139,173,1
water_body_1177.jpg,262,434,2
water_body_1112.jpg,338,568,3
water_body_8636.jpg,158,196,1
water_body_8656.jpg,1288,673,4
water_body_2359.jpg,356,440,3
water_body_8629.jpg,452,578,3
water_body_1201.jpg,221,360,2
water_body_7475.jpg,1069,1120,4
water_body_2196.jpg,306,428,2
water_body_7580.jpg,347,380,3
water_body_8944.jpg,331,439,3
water_body_6408.jpg,198,235,1
water_body_8538.jpg,126,133,0
water_body_8377.jpg,218,228,2
water_body_8016.jpg,267,283,2
water_body_8426.jpg,354,378,3
water_body_7172.jpg,792,834,4
water_body_7399.jpg,435,454,3
water_body_697.jpg,388,599,3
water_body_2513.jpg,452,587,3
water_body_8358.jpg,102,121,0
water_body_1304.jpg,116,191,0
water_body_976.jpg,106,173,0
water_body_1701.jpg,657,960,4
water_body_34.jpg,1879,1871,4
water_body_7398.jpg,314,159,1
water_body_8946.jpg,150,197,1
water_body_1786.jpg,451,647,3
water_body_1747.jpg,211,300,2
water_body_1295.jpg,599,907,4
water_body_1717.jpg,309,463,3
water_body_789.jpg,394,573,3
water_body_8873.jpg,114,136,0
water_body_934.jpg,474,769,3
water_body_7789.jpg,202,224,1
water_body_7195.jpg,2081,1720,4
water_body_8952.jpg,289,375,2
water_body_1481.jpg,233,379,2
water_body_924.jpg,288,454,2
water_body_1803.jpg,300,442,2
water_body_7689.jpg,418,438,3
water_body_8416.jpg,267,285,2
water_body_8387.jpg,95,305,0
water_body_8831.jpg,93,115,0
water_body_43.jpg,110,110,0
water_body_2210.jpg,262,385,2
water_body_1336.jpg,734,1214,4
water_body_8612.jpg,1879,1899,4
water_body_7591.jpg,341,360,3
water_body_8658.jpg,223,285,2
water_body_7194.jpg,368,403,3
water_body_2430.jpg,353,447,3
water_body_1259.jpg,331,516,3
water_body_7338.jpg,2288,400,3
water_body_2475.jpg,390,512,3
water_body_7717.jpg,132,142,0
water_body_7803.jpg,142,148,1
water_body_590.jpg,1046,1398,4
water_body_8709.jpg,243,316,2
water_body_8715.jpg,505,677,3
water_body_8926.jpg,243,320,2
water_body_97.jpg,126,125,0
water_body_2180.jpg,1685,2302,4
water_body_770.jpg,314,477,3
water_body_7874.jpg,106,108,0
water_body_1532.jpg,62,95,0
water_body_883.jpg,284,481,2
water_body_1120.jpg,113,191,0
water_body_1823.jpg,502,698,3
water_body_7901.jpg,290,304,2
water_body_1595.jpg,567,833,4
water_body_1476.jpg,518,803,3
water_body_8768.jpg,430,543,3
water_body_2228.jpg,491,651,3
water_body_1203.jpg,113,153,0
water_body_7639.jpg,366,385,3
water_body_977.jpg,120,196,0
water_body_7748.jpg,340,375,3
water_body_7372.jpg,955,1582,4
water_body_7856.jpg,112,115,0
water_body_7994.jpg,225,259,2
water_body_1602.jpg,121,180,0
water_body_8798.jpg,400,501,3
water_body_1145.jpg,186,303,1
water_body_7899.jpg,401,73,0
water_body_1207.jpg,158,246,1
water_body_803.jpg,582,889,4
water_body_1292.jpg,194,301,1
water_body_1836.jpg,636,923,4
water_body_673.jpg,335,533,3
water_body_7603.jpg,212,232,2
water_body_7550.jpg,465,469,3
water_body_8617.jpg,468,578,3
water_body_8506.jpg,127,138,0
water_body_2287.jpg,183,230,1
water_body_7148.jpg,314,342,3
water_body_8480.jpg,447,491,3
water_body_1159.jpg,178,295,1
water_body_829.jpg,66,100,0
water_body_6398.jpg,215,267,2
water_body_1115.jpg,308,508,2
water_body_2235.jpg,884,1208,4
water_body_1561.jpg,353,1928,3
water_body_1525.jpg,242,398,2
water_body_8341.jpg,178,182,1
water_body_7065.jpg,109,202,0
water_body_2506.jpg,247,321,2
water_body_2267.jpg,148,190,1
water_body_2172.jpg,665,897,4
water_body_7366.jpg,396,401,3
water_body_44.jpg,533,529,4
water_body_752.jpg,151,696,1
water_body_8415.jpg,329,350,3
water_body_1373.jpg,131,195,0
water_body_1767.jpg,66,98,0
water_body_6402.jpg,489,606,3
water_body_8748.jpg,400,503,3
water_body_1011.jpg,260,456,2
water_body_1444.jpg,384,606,3
water_body_1257.jpg,360,560,3
water_body_1527.jpg,136,225,0
water_body_1494.jpg,252,422,2
water_body_7775.jpg,113,124,0
water_body_8286.jpg,107,109,0
water_body_607.jpg,1106,1814,4
water_body_8698.jpg,361,443,3
water_body_1124.jpg,221,344,2
water_body_8766.jpg,669,837,4
water_body_8737.jpg,306,362,2
water_body_8895.jpg,68,84,0
water_body_1695.jpg,371,560,3
water_body_7160.jpg,392,396,3
water_body_1686.jpg,161,241,1
water_body_1039.jpg,385,558,3
water_body_7823.jpg,100,105,0
water_body_157.jpg,188,187,1
water_body_1587.jpg,476,729,3
water_body_8503.jpg,243,267,2
water_body_7957.jpg,93,102,0
water_body_8496.jpg,102,112,0
water_body_7265.jpg,707,1449,4
water_body_8776.jpg,1367,1715,4
water_body_7511.jpg,167,186,1
water_body_8407.jpg,411,439,3
water_body_2415.jpg,573,749,4
water_body_1134.jpg,267,405,2
water_body_8627.jpg,143,171,1
water_body_2314.jpg,558,732,4
water_body_6367.jpg,958,1098,4
water_body_1424.jpg,506,829,3
water_body_1507.jpg,259,434,2
water_body_859.jpg,164,265,1
water_body_9.jpg,1193,941,4
water_body_1844.jpg,58,165,0
water_body_7152.jpg,298,302,2
water_body_7199.jpg,1071,368,3
water_body_1161.jpg,172,286,1
water_body_8631.jpg,401,493,3
water_body_8622.jpg,1410,1439,4
water_body_7981.jpg,216,239,2
water_body_878.jpg,762,390,3
water_body_7212.jpg,152,158,1
water_body_1586.jpg,765,1157,4
water_body_7317.jpg,979,1067,4
water_body_8140.jpg,142,153,1
water_body_8685.jpg,1172,1450,4
water_body_8389.jpg,583,586,4
water_body_1044.jpg,212,357,2
water_body_7515.jpg,167,171,1
water_body_731.jpg,158,259,1
water_body_2429.jpg,240,293,2
water_body_7559.jpg,428,472,3
water_body_7545.jpg,280,308,2
water_body_1801.jpg,406,592,3
water_body_7855.jpg,194,199,1
water_body_68.jpg,375,372,3
water_body_1326.jpg,107,171,0
water_body_1261.jpg,413,585,3
water_body_8788.jpg,2508,3184,4
water_body_783.jpg,823,1301,4
water_body_1775.jpg,269,368,2
water_body_8718.jpg,142,183,1
water_body_7991.jpg,141,157,1
water_body_6366.jpg,727,901,4
water_body_2449.jpg,464,605,3
water_body_2636.jpg,349,361,3
water_body_7976.jpg,110,120,0
water_body_1488.jpg,290,478,2
water_body_8787.jpg,477,575,3
water_body_8405.jpg,158,168,1
water_body_7234.jpg,236,259,2
water_body_71.jpg,552,549,4
water_body_8088.jpg,305,311,2
water_body_1464.jpg,718,311,3
water_body_8650.jpg,147,187,1
water_body_8215.jpg,226,231,2
water_body_8411.jpg,95,98,0
water_body_985.jpg,182,286,1
water_body_7869.jpg,588,604,4
water_body_8771.jpg,87,108,0
water_body_7192.jpg,715,540,4
water_body_7828.jpg,134,140,0
water_body_6372.jpg,640,783,4
water_body_7802.jpg,269,278,2
water_body_2552.jpg,212,275,2
water_body_2249.jpg,179,233,1
water_body_1075.jpg,137,214,1
water_body_8899.jpg,488,589,3
water_body_7584.jpg,461,471,3
water_body_7488.jpg,323,339,3
water_body_8785.jpg,627,753,4
water_body_1085.jpg,770,1276,4
water_body_8375.jpg,321,335,3
water_body_1531.jpg,184,291,1
water_body_8454.jpg,182,197,1
water_body_7278.jpg,380,415,3
water_body_8160.jpg,216,224,2
water_body_7990.jpg,163,182,1
water_body_8478.jpg,124,135,0
water_body_7810.jpg,156,162,1
water_body_1575.jpg,84,126,0
water_body_7308.jpg,702,796,4
water_body_118.jpg,282,167,1
water_body_8157.jpg,93,448,0
water_body_7795.jpg,311,270,2
water_body_8801.jpg,2457,3155,4
water_body_7562.jpg,971,977,4
water_body_988.jpg,442,700,3
water_body_8316.jpg,241,245,2
water_body_7709.jpg,291,304,2
water_body_8531.jpg,90,96,0
water_body_737.jpg,1102,1500,4
water_body_7955.jpg,110,121,0
water_body_7696.jpg,254,278,2
water_body_7711.jpg,150,158,1
water_body_801.jpg,94,149,0
water_body_2290.jpg,264,343,2
water_body_2390.jpg,186,242,1
water_body_8232.jpg,125,129,0
water_body_1569.jpg,2188,3216,4
water_body_8412.jpg,96,102,0
water_body_8543.jpg,178,193,1
water_body_1580.jpg,331,485,3
water_body_6409.jpg,76,95,0
water_body_7321.jpg,1117,2224,4
water_body_8237.jpg,161,163,1
water_body_800.jpg,355,566,3
water_body_1020.jpg,113,173,0
water_body_7093.jpg,169,312,1
water_body_1318.jpg,152,249,1
water_body_2349.jpg,1319,1630,4
water_body_7844.jpg,131,136,0
water_body_8030.jpg,201,218,1
water_body_185.jpg,77,76,0
water_body_1757.jpg,130,191,0
water_body_7299.jpg,318,336,3
water_body_8672.jpg,294,360,2
water_body_1514.jpg,225,334,2
water_body_8477.jpg,137,149,1
water_body_1403.jpg,169,259,1
water_body_8330.jpg,189,204,1
water_body_7948.jpg,252,272,2
water_body_8427.jpg,328,352,3
water_body_911.jpg,326,745,3
water_body_7219.jpg,372,408,3
water_body_2403.jpg,659,810,4
water_body_2492.jpg,481,638,3
water_body_7218.jpg,471,516,3
water_body_8786.jpg,469,564,3
water_body_8114.jpg,174,175,1
water_body_8814.jpg,162,202,1
water_body_7042.jpg,1189,2195,4
water_body_7431.jpg,253,271,2
water_body_628.jpg,674,3083,4
water_body_7179.jpg,888,971,4
water_body_942.jpg,700,1173,4
water_body_1737.jpg,270,392,2
water_body_7678.jpg,200,218,1
water_body_7205.jpg,1300,1363,4
water_body_992.jpg,157,254,1
water_body_1260.jpg,323,456,3
water_body_161.jpg,493,491,3
water_body_7506.jpg,161,163,1
water_body_1170.jpg,262,433,2
water_body_8219.jpg,87,115,0
water_body_961.jpg,350,568,3
water_body_7687.jpg,116,123,0
water_body_7646.jpg,80,81,0
water_body_8763.jpg,610,753,4
water_body_1590.jpg,256,370,2
water_body_7146.jpg,744,783,4
water_body_8745.jpg,99,117,0
water_body_8813.jpg,233,279,2
water_body_7581.jpg,170,186,1
water_body_8353.jpg,85,103,0
water_body_8509.jpg,365,393,3
water_body_1842.jpg,122,179,0
water_body_846.jpg,200,313,1
water_body_8729.jpg,479,616,3
water_body_2202.jpg,182,251,1
water_body_943.jpg,261,442,2
water_body_8740.jpg,457,542,3
water_body_7963.jpg,167,182,1
water_body_8710.jpg,593,771,4
water_body_7599.jpg,478,529,3
water_body_2402.jpg,212,274,2
water_body_7731.jpg,179,193,1
water_body_1721.jpg,1054,1396,4
water_body_7164.jpg,216,218,2
water_body_7999.jpg,285,305,2
water_body_103.jpg,340,339,3
water_body_7529.jpg,105,278,0
water_body_2508.jpg,308,397,2
water_body_1840.jpg,116,171,0
water_body_7601.jpg,476,525,3
water_body_1712.jpg,254,379,2
water_body_2426.jpg,222,288,2
water_body_1644.jpg,101,153,0
water_body_1506.jpg,167,282,1
water_body_902.jpg,198,328,1
water_body_8023.jpg,127,138,0
water_body_2295.jpg,3477,4478,4
water_body_7324.jpg,279,296,2
water_body_8432.jpg,138,150,1
water_body_8098.jpg,134,146,0
water_body_2448.jpg,1363,1728,4
water_body_8882.jpg,185,230,1
water_body_748.jpg,303,475,2
water_body_1705.jpg,203,301,1
water_body_8571.jpg,1319,1872,4
water_body_7094.jpg,555,1052,4
water_body_1429.jpg,191,305,1
water_body_1088.jpg,165,274,1
water_body_914.jpg,257,426,2
water_body_2189.jpg,2492,3348,4
water_body_7531.jpg,197,209,1
water_body_683.jpg,130,196,0
water_body_960.jpg,847,482,3
water_body_2184.jpg,5245,765,4
water_body_8649.jpg,391,495,3
water_body_8907.jpg,98,121,0
water_body_8425.jpg,364,390,3
water_body_1827.jpg,238,341,2
water_body_8540.jpg,192,208,1
water_body_1084.jpg,148,242,1
water_body_8651.jpg,433,543,3
water_body_8807.jpg,150,188,1
water_body_2353.jpg,2420,3125,4
water_body_8517.jpg,267,286,2
water_body_1554.jpg,2032,3088,4
water_body_1036.jpg,399,650,3
water_body_2553.jpg,189,241,1
water_body_8146.jpg,441,487,3
water_body_1213.jpg,95,133,0
water_body_7740.jpg,161,175,1
water_body_7197.jpg,1262,1051,4
water_body_8367.jpg,106,118,0
water_body_1220.jpg,207,171,1
water_body_8646.jpg,223,283,2
water_body_8816.jpg,219,275,2
water_body_8164.jpg,54,56,0
water_body_7358.jpg,1389,1436,4
water_body_8616.jpg,186,81,0
water_body_7854.jpg,138,142,1
water_body_7561.jpg,686,692,4
water_body_8619.jpg,439,2303,3
water_body_1713.jpg,136,207,0
water_body_1315.jpg,226,372,2
water_body_1583.jpg,203,2246,1
water_body_7418.jpg,634,690,4
water_body_1744.jpg,127,185,0
water_body_7771.jpg,303,323,2
water_body_1053.jpg,186,292,1
water_body_635.jpg,1756,1944,4
water_body_6383.jpg,794,962,4
water_body_7297.jpg,295,322,2
water_body_1814.jpg,174,251,1
water_body_690.jpg,697,1016,4
water_body_14.jpg,1436,1436,4
water_body_610.jpg,1213,1805,4
water_body_1379.jpg,452,662,3
water_body_8464.jpg,74,81,0
water_body_7537.jpg,208,224,2
water_body_7389.jpg,232,241,2
water_body_1037.jpg,1663,2724,4
water_body_7966.jpg,126,138,0
water_body_8671.jpg,421,534,3
water_body_1588.jpg,724,1074,4
water_body_8842.jpg,81,102,0
water_body_7909.jpg,141,152,1
water_body_809.jpg,217,356,2
water_body_8624.jpg,320,388,3
water_body_1428.jpg,106,169,0
water_body_8633.jpg,398,506,3
water_body_7618.jpg,119,130,0
water_body_1660.jpg,493,734,3
water_body_8511.jpg,308,332,2
water_body_7906.jpg,628,672,4
water_body_7156.jpg,1465,1323,4
water_body_1269.jpg,612,964,4
water_body_2309.jpg,292,377,2
water_body_8608.jpg,452,534,3
water_body_620.jpg,1333,2170,4
water_body_96.jpg,203,202,1
water_body_1589.jpg,1033,1491,4
water_body_8853.jpg,233,293,2
water_body_40.jpg,342,340,3
water_body_1625.jpg,350,507,3
water_body_7676.jpg,704,707,4
water_body_7353.jpg,2263,2383,4
water_body_8424.jpg,197,211,1
water_body_2387.jpg,354,437,3
water_body_8714.jpg,475,629,3
water_body_8468.jpg,67,74,0
water_body_7774.jpg,149,162,1
water_body_7356.jpg,570,1112,4
water_body_7543.jpg,176,193,1
water_body_8584.jpg,243,284,2
water_body_1101.jpg,320,510,3
water_body_1499.jpg,244,400,2
water_body_2220.jpg,2376,3502,4
water_body_8832.jpg,57,70,0
water_body_8935.jpg,133,174,0
water_body_1643.jpg,92,139,0
water_body_2567.jpg,246,307,2
water_body_1515.jpg,272,425,2
water_body_6385.jpg,988,1142,4
water_body_1618.jpg,322,508,3
water_body_7813.jpg,130,135,0
water_body_706.jpg,165,264,1
water_body_2375.jpg,262,335,2
water_body_72.jpg,533,531,4
water_body_7965.jpg,143,157,1
water_body_7314.jpg,812,859,4
water_body_727.jpg,305,531,2
water_body_8703.jpg,293,351,2
water_body_1743.jpg,153,224,1
water_body_8532.jpg,178,190,1
water_body_6400.jpg,108,134,0
water_body_1592.jpg,557,812,4
water_body_8774.jpg,294,367,2
water_body_8352.jpg,78,94,0
water_body_2514.jpg,702,935,4
water_body_8917.jpg,184,223,1
water_body_7904.jpg,208,215,2
water_body_8172.jpg,152,152,1
water_body_1245.jpg,252,367,2
water_body_7404.jpg,1533,1576,4
water_body_656.jpg,419,695,3
water_body_8401.jpg,132,140,0
water_body_7993.jpg,276,284,2
water_body_2246.jpg,149,203,1
water_body_8546.jpg,133,145,0
water_body_8276.jpg,121,126,0
water_body_8003.jpg,87,89,0
water_body_955.jpg,299,486,2
water_body_7041.jpg,197,362,1
water_body_7773.jpg,227,245,2
water_body_1189.jpg,209,329,2
water_body_6369.jpg,176,472,1
water_body_8750.jpg,400,500,3
water_body_165.jpg,454,451,3
water_body_1389.jpg,161,264,1
water_body_7393.jpg,239,242,2
water_body_8492.jpg,142,155,1
water_body_7162.jpg,368,371,3
water_body_8528.jpg,215,229,2
water_body_1734.jpg,151,85,0
water_body_657.jpg,200,302,1
water_body_8614.jpg,206,247,2
water_body_7718.jpg,174,188,1
water_body_1391.jpg,214,353,2
water_body_720.jpg,185,295,1
water_body_8499.jpg,79,85,0
water_body_7276.jpg,325,355,3
water_body_7602.jpg,575,627,4
water_body_1785.jpg,156,870,1
water_body_8877.jpg,181,100,0
water_body_1819.jpg,96,140,0
water_body_8689.jpg,190,224,1
water_body_7793.jpg,210,232,2
water_body_8497.jpg,68,75,0
water_body_1317.jpg,140,230,1
water_body_7391.jpg,391,396,3
water_body_2399.jpg,608,796,4
water_body_7705.jpg,133,139,0
water_body_8094.jpg,173,191,1
water_body_7217.jpg,328,360,3
water_body_8422.jpg,178,191,1
water_body_2500.jpg,282,372,2
water_body_660.jpg,782,1102,4
water_body_7566.jpg,274,284,2
water_body_8541.jpg,272,295,2
water_body_8821.jpg,229,303,2
water_body_7035.jpg,487,876,3
water_body_8849.jpg,119,149,0
water_body_7903.jpg,145,168,1
water_body_7833.jpg,292,309,2
water_body_1323.jpg,304,492,2
water_body_8380.jpg,109,114,0
water_body_1366.jpg,177,279,1
water_body_7100.jpg,286,527,2
water_body_2386.jpg,759,939,4
water_body_7563.jpg,248,249,2
water_body_8459.jpg,203,222,1
water_body_8854.jpg,160,201,1
water_body_8347.jpg,109,120,0
water_body_7921.jpg,93,102,0
water_body_7797.jpg,171,177,1
water_body_7406.jpg,107,114,0
water_body_7061.jpg,102,190,0
water_body_7757.jpg,302,763,2
water_body_8058.jpg,232,244,2
water_body_1807.jpg,150,218,1
water_body_7182.jpg,1059,1147,4
water_body_7786.jpg,171,188,1
water_body_1848.jpg,64,92,0
water_body_1437.jpg,151,239,1
water_body_2559.jpg,118,149,0
water_body_684.jpg,225,370,2
water_body_7692.jpg,143,149,1
water_body_7881.jpg,83,86,0
water_body_7862.jpg,163,166,1
water_body_8014.jpg,191,194,1
water_body_8573.jpg,369,440,3
water_body_1772.jpg,93,134,0
water_body_1462.jpg,146,236,1
water_body_8034.jpg,243,268,2
water_body_7609.jpg,160,166,1
water_body_1835.jpg,186,264,1
water_body_802.jpg,470,748,3
water_body_1204.jpg,110,179,0
water_body_102.jpg,868,865,4
water_body_8171.jpg,951,997,4
water_body_8708.jpg,666,872,4
water_body_1707.jpg,353,513,3
water_body_8220.jpg,135,141,0
water_body_1530.jpg,624,1029,4
water_body_1167.jpg,998,1436,4
water_body_1837.jpg,1459,2119,4
water_body_8611.jpg,300,370,2
water_body_3.jpg,658,659,4
water_body_664.jpg,203,273,1
water_body_854.jpg,1304,878,4
water_body_8560.jpg,659,733,4
water_body_8937.jpg,293,381,2
water_body_8481.jpg,191,209,1
water_body_167.jpg,120,119,0
water_body_7244.jpg,1908,2048,4
water_body_7553.jpg,195,205,1
water_body_7509.jpg,131,133,0
water_body_8767.jpg,275,344,2
water_body_8370.jpg,123,135,0
water_body_1489.jpg,407,671,3
water_body_7161.jpg,148,150,1
water_body_2504.jpg,2542,3284,4
water_body_1367.jpg,174,275,1
water_body_1778.jpg,122,175,0
water_body_7227.jpg,805,851,4
water_body_8662.jpg,617,777,4
water_body_2564.jpg,85,108,0
water_body_8486.jpg,225,247,2
water_body_8687.jpg,169,203,1
water_body_2549.jpg,244,311,2
water_body_8044.jpg,171,177,1
water_body_7634.jpg,454,501,3
water_body_21.jpg,1900,1586,4
water_body_7992.jpg,139,147,1
water_body_1248.jpg,146,211,1
water_body_2551.jpg,137,176,1
water_body_7637.jpg,279,280,2
water_body_1252.jpg,69,109,0
water_body_8430.jpg,458,79,0
water_body_7623.jpg,232,254,2
water_body_7185.jpg,1404,3359,4
water_body_1420.jpg,428,583,3
water_body_2365.jpg,1079,1362,4
water_body_7756.jpg,382,217,2
water_body_1843.jpg,94,137,0
water_body_7604.jpg,558,609,4
water_body_7763.jpg,133,146,0
water_body_6375.jpg,743,909,4
water_body_8472.jpg,115,126,0
water_body_2251.jpg,219,282,2
water_body_1653.jpg,171,250,1
water_body_7362.jpg,548,554,4
water_body_7926.jpg,108,113,0
water_body_8458.jpg,211,231,2
water_body_2541.jpg,441,1418,3
water_body_7089.jpg,397,728,3
water_body_1131.jpg,424,640,3
water_body_8121.jpg,140,154,1
water_body_843.jpg,316,533,3
water_body_7956.jpg,178,196,1
water_body_7249.jpg,1948,2089,4
water_body_7439.jpg,754,1815,4
water_body_1422.jpg,196,297,1
water_body_8930.jpg,38,367,0
water_body_7315.jpg,2063,734,4
water_body_1045.jpg,403,682,3
water_body_1378.jpg,212,310,2
water_body_2392.jpg,60,75,0
water_body_7770.jpg,177,188,1
water_body_2311.jpg,709,935,4
water_body_8668.jpg,1130,468,3
water_body_2498.jpg,281,356,2
water_body_1550.jpg,2213,3094,4
water_body_90.jpg,169,169,1
water_body_4.jpg,130,130,0
water_body_7176.jpg,536,560,4
water_body_7209.jpg,1985,2112,4
water_body_7145.jpg,787,829,4
water_body_7499.jpg,234,243,2
water_body_888.jpg,141,242,1
water_body_8545.jpg,66,72,0
water_body_7157.jpg,626,654,4
water_body_1749.jpg,68,401,0
water_body_7221.jpg,219,228,2
water_body_8450.jpg,351,378,3
water_body_1080.jpg,381,625,3
water_body_1655.jpg,151,222,1
water_body_8247.jpg,201,223,1
water_body_8734.jpg,238,502,2
water_body_1682.jpg,368,544,3
water_body_8300.jpg,232,237,2
water_body_8555.jpg,163,170,1
water_body_825.jpg,193,300,1
water_body_851.jpg,292,477,2
water_body_6373.jpg,744,787,4
water_body_7395.jpg,1226,1238,4
water_body_8691.jpg,964,1154,4
water_body_1086.jpg,781,1260,4
water_body_6425.jpg,1552,1867,4
water_body_1143.jpg,444,678,3
water_body_8245.jpg,183,203,1
water_body_1706.jpg,326,473,3
water_body_7594.jpg,268,285,2
water_body_1104.jpg,190,306,1
water_body_7741.jpg,465,509,3
water_body_8433.jpg,226,244,2
water_body_8654.jpg,175,219,1
water_body_1491.jpg,234,394,2
water_body_8925.jpg,251,330,2
water_body_7267.jpg,403,414,3
water_body_2283.jpg,167,220,1
water_body_1596.jpg,181,266,1
water_body_1324.jpg,529,851,4
water_body_2524.jpg,1008,1277,4
water_body_8758.jpg,606,776,4
water_body_8404.jpg,113,118,0
water_body_8827.jpg,129,161,0
water_body_1483.jpg,203,329,1
water_body_7290.jpg,209,707,2
water_body_8310.jpg,239,240,2
water_body_7934.jpg,112,113,0
water_body_8653.jpg,320,404,3
water_body_1180.jpg,144,238,1
water_body_2199.jpg,243,340,2
water_body_7355.jpg,374,389,3
water_body_732.jpg,176,661,1
water_body_1453.jpg,312,499,3
water_body_1059.jpg,155,236,1
water_body_8542.jpg,141,153,1
water_body_7624.jpg,185,203,1
water_body_7858.jpg,596,611,4
water_body_8049.jpg,70,75,0
water_body_2538.jpg,994,1268,4
water_body_709.jpg,1280,2051,4
water_body_8615.jpg,216,258,2
water_body_1265.jpg,51,73,0
water_body_7971.jpg,91,91,0
water_body_7173.jpg,678,707,4
water_body_8673.jpg,701,867,4
water_body_1393.jpg,581,946,4
water_body_7837.jpg,249,257,2
water_body_908.jpg,335,554,3
water_body_8659.jpg,604,752,4
water_body_8168.jpg,108,119,0
water_body_1599.jpg,105,160,0
water_body_8303.jpg,90,101,0
water_body_7312.jpg,125,135,0
water_body_1508.jpg,552,880,4
water_body_2170.jpg,1097,1497,4
water_body_8463.jpg,161,175,1
water_body_2512.jpg,211,620,2
water_body_8197.jpg,145,154,1
water_body_1681.jpg,406,599,3
water_body_8139.jpg,128,143,0
water_body_7815.jpg,157,163,1
water_body_8874.jpg,57,71,0
water_body_7332.jpg,484,533,3
water_body_2240.jpg,207,276,2
water_body_1307.jpg,244,373,2
water_body_1416.jpg,318,502,3
water_body_8809.jpg,1463,1939,4
water_body_996.jpg,138,226,1
water_body_1329.jpg,226,353,2
water_body_7551.jpg,502,506,3
water_body_8903.jpg,888,1136,4
water_body_8085.jpg,241,245,2
water_body_7216.jpg,463,500,3
water_body_8423.jpg,147,157,1
water_body_2261.jpg,357,453,3
water_body_8343.jpg,78,80,0
water_body_8195.jpg,101,103,0
water_body_7174.jpg,316,1474,3
water_body_7987.jpg,180,196,1
water_body_995.jpg,765,1245,4
water_body_7685.jpg,175,184,1
water_body_919.jpg,67,104,0
water_body_7331.jpg,735,1408,4
water_body_7743.jpg,214,233,2
water_body_8434.jpg,280,302,2
water_body_7200.jpg,364,385,3
water_body_1266.jpg,252,356,2
water_body_8314.jpg,328,344,3
water_body_7586.jpg,328,177,1
water_body_13.jpg,269,270,2
water_body_2203.jpg,288,392,2
water_body_1330.jpg,139,215,1
water_body_7845.jpg,194,201,1
water_body_1768.jpg,77,114,0
water_body_1076.jpg,352,550,3
water_body_1092.jpg,246,372,2
water_body_7932.jpg,106,107,0
water_body_1404.jpg,311,475,3
water_body_1790.jpg,78,242,0
water_body_7295.jpg,138,148,1
water_body_7206.jpg,636,675,4
water_body_1280.jpg,106,162,0
water_body_8782.jpg,1705,2076,4
water_body_8335.jpg,230,252,2
water_body_798.jpg,212,339,2
water_body_7318.jpg,1400,913,4
water_body_7513.jpg,266,290,2
water_body_8749.jpg,720,891,4
water_body_8833.jpg,55,68,0
water_body_7187.jpg,1355,1432,4
water_body_765.jpg,602,861,4
water_body_1567.jpg,2535,3683,4
water_body_1291.jpg,148,236,1
water_body_8735.jpg,381,487,3
water_body_901.jpg,138,226,1
water_body_8065.jpg,177,192,1
water_body_7038.jpg,517,962,3
water_body_7927.jpg,121,127,0
water_body_1003.jpg,633,1035,4
water_body_8623.jpg,237,299,2
water_body_773.jpg,303,487,2
water_body_7949.jpg,109,117,0
water_body_8942.jpg,724,960,4
water_body_8167.jpg,207,215,2
water_body_1605.jpg,94,138,0
water_body_8473.jpg,83,91,0
water_body_8955.jpg,174,226,1
water_body_8033.jpg,206,226,2
water_body_7704.jpg,282,296,2
water_body_1100.jpg,440,698,3
water_body_7665.jpg,606,720,4
water_body_2367.jpg,2032,2543,4
water_body_1725.jpg,322,472,3
water_body_8392.jpg,110,116,0
water_body_7092.jpg,293,545,2
water_body_7048.jpg,157,298,1
water_body_7371.jpg,838,858,4
water_body_784.jpg,361,584,3
water_body_7139.jpg,845,450,3
water_body_7385.jpg,1707,2793,4
water_body_1781.jpg,89,127,0
water_body_8692.jpg,167,199,1
water_body_1696.jpg,297,435,2
water_body_1451.jpg,344,546,3
water_body_1298.jpg,728,1101,4
water_body_974.jpg,270,431,2
water_body_8843.jpg,301,381,2
water_body_7288.jpg,1293,1415,4
water_body_7437.jpg,1257,1383,4
water_body_1533.jpg,173,288,1
water_body_967.jpg,263,411,2
water_body_7079.jpg,512,921,3
water_body_158.jpg,498,494,3
water_body_7538.jpg,500,540,3
water_body_7316.jpg,3915,4128,4
water_body_6435.jpg,299,355,2
water_body_2217.jpg,117,170,0
water_body_7588.jpg,284,297,2
water_body_2460.jpg,139,174,1
water_body_1794.jpg,100,151,0
water_body_7592.jpg,337,205,1
water_body_8421.jpg,122,131,0
water_body_7836.jpg,199,205,1
water_body_1349.jpg,212,318,2
water_body_7621.jpg,185,197,1
water_body_8410.jpg,381,391,3
water_body_7367.jpg,212,215,2
water_body_1704.jpg,75,116,0
water_body_1447.jpg,266,420,2
water_body_1610.jpg,210,300,2
water_body_2443.jpg,270,343,2
water_body_186.jpg,705,702,4
water_body_2421.jpg,111,137,0
water_body_7745.jpg,107,117,0
water_body_1690.jpg,347,529,3
water_body_1034.jpg,223,333,2
